{"cameraMode":{"drawMode":0,"name":"Shaded","section":"Shading Mode"},"sceneLighting":false,"audioPlay":false,"sceneViewState":{"showFog":true,"showMaterialUpdate":false,"showSkybox":false,"showFlares":true,"showImageEffects":true,"showParticleSystems":true},"in2DMode":false,"pivot":{"x":0.9039469361305237,"y":1.837199091911316,"z":1.9283804893493653},"rotation":{"x":-0.000013516872968466487,"y":-0.999925971031189,"z":0.009015831165015698,"w":0.02105529047548771},"size":7.995012283325195,"orthographic":false}